Campaign,Campaign Type,Campaign Status,Networks,Budget,Budget type,Bid Strategy Type,Maximum CPC bid limit,Start Date,Targeting method,Exclusion method,Ad Group,Ad Group Status,Keyword,Criterion Type,Status,Ad type,Headline 1,Headline 2,Headline 3,Headline 4,Headline 5,Headline 6,Headline 7,Headline 8,Headline 9,Headline 10,Headline 11,Headline 12,Headline 13,Headline 14,Headline 15,Description 1,Description 2,Description 3,Description 4,Path 1,Path 2,Final URL
DD - Pesquisa - Quiropraxia,Search,Paused,Google search,20.00,Daily,Maximize clicks,4.00,2026-12-31,Location of presence,Location of presence,,,,,,,,,,,,,,,,,,,,,,,,,,,,
DD - Pesquisa - Quiropraxia,,,,,,,,,,,Quiropraxia,Enabled,,,,,,,,,,,,,,,,,,,,,,,,,,
DD - Pesquisa - Quiropraxia,,,,,,,,,,,Quiropraxia,,quiropraxia,Exact,Enabled,,,,,,,,,,,,,,,,,,,,,,,
DD - Pesquisa - Quiropraxia,,,,,,,,,,,Quiropraxia,,quiropraxista,Exact,Enabled,,,,,,,,,,,,,,,,,,,,,,,
DD - Pesquisa - Quiropraxia,,,,,,,,,,,Quiropraxia,,quiropraxia,Phrase,Enabled,,,,,,,,,,,,,,,,,,,,,,,
DD - Pesquisa - Quiropraxia,,,,,,,,,,,Quiropraxia,,quiropraxista,Phrase,Enabled,,,,,,,,,,,,,,,,,,,,,,,
DD - Pesquisa - Quiropraxia,,,,,,,,,,,Quiropraxia,,quiroprata,Phrase,Enabled,,,,,,,,,,,,,,,,,,,,,,,
DD - Pesquisa - Quiropraxia,,,,,,,,,,,Quiropraxia,,quiropraxia perto de mim,Phrase,Enabled,,,,,,,,,,,,,,,,,,,,,,,
DD - Pesquisa - Quiropraxia,,,,,,,,,,,Quiropraxia,,quiropraxia zona sul,Phrase,Enabled,,,,,,,,,,,,,,,,,,,,,,,
DD - Pesquisa - Quiropraxia,,,,,,,,,,,Quiropraxia,,quiropraxia brooklin,Phrase,Enabled,,,,,,,,,,,,,,,,,,,,,,,
DD - Pesquisa - Quiropraxia,,,,,,,,,,,Quiropraxia,,quiropraxia moema,Phrase,Enabled,,,,,,,,,,,,,,,,,,,,,,,
DD - Pesquisa - Quiropraxia,,,,,,,,,,,Quiropraxia,,quiropraxia campo belo,Phrase,Enabled,,,,,,,,,,,,,,,,,,,,,,,
DD - Pesquisa - Quiropraxia,,,,,,,,,,,Quiropraxia,,quiropraxia santo amaro,Phrase,Enabled,,,,,,,,,,,,,,,,,,,,,,,
DD - Pesquisa - Quiropraxia,,,,,,,,,,,Quiropraxia,,quiropraxia são paulo,Phrase,Enabled,,,,,,,,,,,,,,,,,,,,,,,
DD - Pesquisa - Quiropraxia,,,,,,,,,,,Quiropraxia,,clínica de quiropraxia,Phrase,Enabled,,,,,,,,,,,,,,,,,,,,,,,
DD - Pesquisa - Quiropraxia,,,,,,,,,,,Quiropraxia,,ajuste quiroprático,Phrase,Enabled,,,,,,,,,,,,,,,,,,,,,,,
DD - Pesquisa - Quiropraxia,,,,,,,,,,,Quiropraxia,,sessão de quiropraxia,Phrase,Enabled,,,,,,,,,,,,,,,,,,,,,,,
DD - Pesquisa - Quiropraxia,,,,,,,,,,,Quiropraxia,,,,Enabled,Responsive search ad,Dr. Samuel Chagas,Fisioterapia e Quiropraxia,Agende Sua Avaliação,Atendimento Cidade Monções,Perto do Brooklin e Berrini,Crefito/SP 335633-F,Protocolo Personalizado,Chame no WhatsApp,Sábados Até as 14h,Quiropraxia em São Paulo,Quiropraxista na Zona Sul,Quiropraxia no Brooklin,Ajuste Quiroprático,Quiropraxia Perto de Você,Avaliação Postural Completa,Fisioterapeuta com atuação em quiropraxia. Avaliação completa e protocolo sob medida.,"Na Cidade Monções, perto do Brooklin. Seg a sex das 8h às 20h e sábado até as 14h.",Chame no WhatsApp e agende sua avaliação com o Dr. Samuel Chagas. Crefito 335633-F.,"Quiropraxia, mobilização articular e recovery combinados para o seu caso. Agende já.",quiropraxia,zona-sul,https://drsamuelchagas.com.br/
DD - Pesquisa - Quiropraxia,,,,,,,,,,,Hérnia e Ciático,Enabled,,,,,,,,,,,,,,,,,,,,,,,,,,
DD - Pesquisa - Quiropraxia,,,,,,,,,,,Hérnia e Ciático,,tratamento hérnia de disco,Phrase,Enabled,,,,,,,,,,,,,,,,,,,,,,,
DD - Pesquisa - Quiropraxia,,,,,,,,,,,Hérnia e Ciático,,tratamento para hérnia de disco,Phrase,Enabled,,,,,,,,,,,,,,,,,,,,,,,
DD - Pesquisa - Quiropraxia,,,,,,,,,,,Hérnia e Ciático,,hérnia de disco sem cirurgia,Phrase,Enabled,,,,,,,,,,,,,,,,,,,,,,,
DD - Pesquisa - Quiropraxia,,,,,,,,,,,Hérnia e Ciático,,quiropraxia hérnia de disco,Phrase,Enabled,,,,,,,,,,,,,,,,,,,,,,,
DD - Pesquisa - Quiropraxia,,,,,,,,,,,Hérnia e Ciático,,fisioterapia hérnia de disco,Phrase,Enabled,,,,,,,,,,,,,,,,,,,,,,,
DD - Pesquisa - Quiropraxia,,,,,,,,,,,Hérnia e Ciático,,fisioterapia para hérnia de disco,Phrase,Enabled,,,,,,,,,,,,,,,,,,,,,,,
DD - Pesquisa - Quiropraxia,,,,,,,,,,,Hérnia e Ciático,,tratamento nervo ciático,Phrase,Enabled,,,,,,,,,,,,,,,,,,,,,,,
DD - Pesquisa - Quiropraxia,,,,,,,,,,,Hérnia e Ciático,,tratamento dor ciático,Phrase,Enabled,,,,,,,,,,,,,,,,,,,,,,,
DD - Pesquisa - Quiropraxia,,,,,,,,,,,Hérnia e Ciático,,fisioterapia ciático,Phrase,Enabled,,,,,,,,,,,,,,,,,,,,,,,
DD - Pesquisa - Quiropraxia,,,,,,,,,,,Hérnia e Ciático,,quiropraxia ciático,Phrase,Enabled,,,,,,,,,,,,,,,,,,,,,,,
DD - Pesquisa - Quiropraxia,,,,,,,,,,,Hérnia e Ciático,,,,Enabled,Responsive search ad,Dr. Samuel Chagas,Fisioterapia e Quiropraxia,Agende Sua Avaliação,Atendimento Cidade Monções,Perto do Brooklin e Berrini,Crefito/SP 335633-F,Protocolo Personalizado,Chame no WhatsApp,Sábados Até as 14h,Tratamento Hérnia de Disco,Abordagem Não Cirúrgica,Tratamento do Nervo Ciático,Quiropraxia Para Hérnia,Dor Que Irradia Para a Perna,Fisioterapia Para Hérnia,Fisioterapeuta com atuação em quiropraxia. Avaliação completa e protocolo sob medida.,"Na Cidade Monções, perto do Brooklin. Seg a sex das 8h às 20h e sábado até as 14h.",Chame no WhatsApp e agende sua avaliação com o Dr. Samuel Chagas. Crefito 335633-F.,Hérnia de disco e ciático: abordagem conservadora focada em aliviar a compressão.,hernia-de-disco,ciatico,https://drsamuelchagas.com.br/patologias/hernia-de-disco/
DD - Pesquisa - Quiropraxia,,,,,,,,,,,Dor Lombar e Coluna,Enabled,,,,,,,,,,,,,,,,,,,,,,,,,,
DD - Pesquisa - Quiropraxia,,,,,,,,,,,Dor Lombar e Coluna,,tratamento dor lombar,Phrase,Enabled,,,,,,,,,,,,,,,,,,,,,,,
DD - Pesquisa - Quiropraxia,,,,,,,,,,,Dor Lombar e Coluna,,fisioterapia dor lombar,Phrase,Enabled,,,,,,,,,,,,,,,,,,,,,,,
DD - Pesquisa - Quiropraxia,,,,,,,,,,,Dor Lombar e Coluna,,fisioterapia para dor lombar,Phrase,Enabled,,,,,,,,,,,,,,,,,,,,,,,
DD - Pesquisa - Quiropraxia,,,,,,,,,,,Dor Lombar e Coluna,,tratamento dor na coluna,Phrase,Enabled,,,,,,,,,,,,,,,,,,,,,,,
DD - Pesquisa - Quiropraxia,,,,,,,,,,,Dor Lombar e Coluna,,tratamento para dor nas costas,Phrase,Enabled,,,,,,,,,,,,,,,,,,,,,,,
DD - Pesquisa - Quiropraxia,,,,,,,,,,,Dor Lombar e Coluna,,fisioterapia coluna,Phrase,Enabled,,,,,,,,,,,,,,,,,,,,,,,
DD - Pesquisa - Quiropraxia,,,,,,,,,,,Dor Lombar e Coluna,,fisioterapia para coluna,Phrase,Enabled,,,,,,,,,,,,,,,,,,,,,,,
DD - Pesquisa - Quiropraxia,,,,,,,,,,,Dor Lombar e Coluna,,quiropraxia dor lombar,Phrase,Enabled,,,,,,,,,,,,,,,,,,,,,,,
DD - Pesquisa - Quiropraxia,,,,,,,,,,,Dor Lombar e Coluna,,quiropraxia coluna,Phrase,Enabled,,,,,,,,,,,,,,,,,,,,,,,
DD - Pesquisa - Quiropraxia,,,,,,,,,,,Dor Lombar e Coluna,,tratamento lombalgia,Phrase,Enabled,,,,,,,,,,,,,,,,,,,,,,,
DD - Pesquisa - Quiropraxia,,,,,,,,,,,Dor Lombar e Coluna,,,,Enabled,Responsive search ad,Dr. Samuel Chagas,Fisioterapia e Quiropraxia,Agende Sua Avaliação,Atendimento Cidade Monções,Perto do Brooklin e Berrini,Crefito/SP 335633-F,Protocolo Personalizado,Chame no WhatsApp,Sábados Até as 14h,Tratamento de Dor Lombar,Dor nas Costas? Agende Hoje,Fisioterapia Para Coluna,Quiropraxia Para Dor Lombar,Tratamento de Lombalgia,Avaliação Postural Completa,Fisioterapeuta com atuação em quiropraxia. Avaliação completa e protocolo sob medida.,"Na Cidade Monções, perto do Brooklin. Seg a sex das 8h às 20h e sábado até as 14h.",Chame no WhatsApp e agende sua avaliação com o Dr. Samuel Chagas. Crefito 335633-F.,Dor lombar e nas costas: tratamento para aliviar a dor e melhorar a sua postura.,dor-lombar,coluna,https://drsamuelchagas.com.br/patologias/lombalgia/
